游戏名,房间名,主播头衔,热度/万,主播昵称,直播网址
穿越火线,CFPLS20，新阵容，新面貌，加油！,无,304.6,白鲨AyoM,https://www.douyu.com//728
穿越火线,【直播】夏季赛 AG 0:0 WE,无,266.1,穿越火线运营团队,https://www.douyu.com//605964
穿越火线,来来来，看比赛啦~,无,185.2,汉宫年鹏Enpi,https://www.douyu.com//92224
穿越火线,一起观看CFPLS20夏赛季咯！,无,148.6,白鲨石头丶,https://www.douyu.com//717
穿越火线,【超欧】送礼物拿斗鱼皮肤/苹果/幻神,无,95.1,橙子大小姐,https://www.douyu.com//5727882
穿越火线,开钻粉办卡拿斗鱼全套皮肤苹果,肖晨杯生化赛事创始人,87.8,肖晨吖,https://www.douyu.com//3357246
穿越火线,最欧 送礼拿斗鱼皮肤苹果,无,86.9,小脑妹,https://www.douyu.com//5621575
穿越火线,送礼拿斗鱼皮肤苹果白鲨鼠标垫,无,61,白鲨暖文,https://www.douyu.com//6724991
穿越火线,苗族妹妹的排位之路/荣耀之巅,无,29.6,白鲨欧苗苗,https://www.douyu.com//60888
穿越火线,吃土的第四天.,CFS世界总决赛三冠王,58.9,白鲨常旭DBQ,https://www.douyu.com//9442053
穿越火线,别打我~我是主播~,无,12.8,丢宝宝吖,https://www.douyu.com//2019797
穿越火线,我和我的怨种队友............,爆破残局收割王,8.7,小江江超哇塞,https://www.douyu.com//8824929
穿越火线,送礼拿斗鱼皮肤/送苹果,无,45.2,情久月姐姐,https://www.douyu.com//897371
穿越火线,这小子上分太快了吧？,无,3.4,CF于浪,https://www.douyu.com//9356096
穿越火线,没号秒上  荣耀/之巅/首胜,顶尖女突破手,25.1,情久小悦儿BiuBiu,https://www.douyu.com//18272
穿越火线,【二台小鹿】带教练们看比赛~,无,37,传情小小,https://www.douyu.com//10717
穿越火线,硬蛋已上线 6烈6盘突突起来！,无,34.5,渝万丶灭尸,https://www.douyu.com//4333872
穿越火线,荣耀世冠-龙儿 粉烟 召集币 6盘6列,无,33.5,老V丶,https://www.douyu.com//600594
穿越火线,【重播】CFEL  S1,无,31.8,穿越火线赛事专用,https://www.douyu.com//522798
穿越火线,川：场均20杀,无,30.8,你好我是夏洛克,https://www.douyu.com//122943
穿越火线,一起看CFPLS20啦~~~,无,30.7,白鲨xiubi丶,https://www.douyu.com//22690
穿越火线,百城AK6件套，周省冠礼包,无,29.9,白鲨金豆豆,https://www.douyu.com//1974713
穿越火线,小哲：直播 直播,无,26,渝万丶小哲,https://www.douyu.com//4333088
穿越火线,拼团/荣耀世冠/龙儿小淘气,无,25.6,主播蹦嚓149435,https://www.douyu.com//149435
穿越火线,今晚解说CFPL~47895,无,25.5,白鲨加菲,https://www.douyu.com//47895
穿越火线,送全部活动，秒上号,无,24.8,猛叔是个大帅BBBBBBBB,https://www.douyu.com//148278
穿越火线,极速上分，猛猛上，,无,24.4,214514加藤鹰,https://www.douyu.com//214514
穿越火线,慢热女孩小筱雪??,无,24.2,小筱雪y,https://www.douyu.com//8861097
穿越火线,这个月真是非常的不顺心啊,无,20.9,大娇娇Claire,https://www.douyu.com//10302
穿越火线,风雨同行`-`,无,20.3,CF王振,https://www.douyu.com//24939
穿越火线,秒上号女主播天花板的北部排位日记,无,20.3,李冰冰吖,https://www.douyu.com//5264254
穿越火线,新主播秒上号炸鱼天花板,斗神杯CF邀请赛亚军,20.2,CF暴风雪,https://www.douyu.com//3992
穿越火线,你刷礼物的样子真帅！！！,无,19.3,KZ丶折耳猫,https://www.douyu.com//8833574
穿越火线,渣渣枫：斗鱼最强女鬼救世主,无,18.8,渣渣枫007,https://www.douyu.com//3859824
穿越火线,皮皮拉:上分我是专业的！,无,18.7,皮皮拉3004O1,https://www.douyu.com//300401
穿越火线,老公你的QBZ跟M4真猛QAQ,无,17.4,失心酷,https://www.douyu.com//62272
穿越火线,做人要乘以10,无,17.2,白鲨小不点,https://www.douyu.com//7245824
穿越火线,情话多说一点，想我就多看一眼,CFPL火线演播厅常驻主播,16.7,天然柚子tea,https://www.douyu.com//7479240
穿越火线,冷风：冲冲冲,无,15.8,生化利刃一冷风,https://www.douyu.com//5068724
穿越火线,帮打排位/首胜  可可爱爱没有脑袋,无,15.6,小璐娜QwQ,https://www.douyu.com//6688811
穿越火线,今天是超甜的丸子,无,15,逮只沈丸子,https://www.douyu.com//7559478
穿越火线,打排位秒上号0.0,CF枪王之王TOP前100追击手,14.8,只会突飞猛进,https://www.douyu.com//9973533
穿越火线,清晨：达咩哟,无,14.7,Cz丶清晨,https://www.douyu.com//5319170
穿越火线,晚上比赛加油吖,CFPL S18冠军、CFS世界冠军,13.9,LGDmino,https://www.douyu.com//5406876
穿越火线,今天希望有你的陪伴,下饭一姐在线喂饭,13.6,大嗓门的懵兜儿,https://www.douyu.com//2057282
穿越火线,卡牌荣耀之巅滴滴,无,12.4,小优优mm,https://www.douyu.com//5131791
穿越火线,开开心心每一天啦,无,11.9,走路带点迷,https://www.douyu.com//9320213
穿越火线,举目见日，不见长安,CF上分女武神,11.5,李莹吖y,https://www.douyu.com//8727515
穿越火线,全区帮打/首胜／安全分/秒上号,全球最稳灭队小能手,11.2,游戏坑姐,https://www.douyu.com//10506452
穿越火线,在线等个号,无,10.4,小蛇眼呀,https://www.douyu.com//3123723
穿越火线,秒上号不排队/学技术看简单~,无,10.2,白鲨简单,https://www.douyu.com//8697971
穿越火线,帮打排位/效率/高质量选手。,2021山东百城联赛省冠狙神,10.1,情久霸天丶,https://www.douyu.com//8885916
穿越火线,帮打排位/秒上号/送钻粉上荣耀。,2019CF百城联赛吉林赛区季军,9.9,汉宫九阳,https://www.douyu.com//5421896
穿越火线,首胜??排位??帮打??突破手??,无,9.7,主播雨兮吖,https://www.douyu.com//10412361
穿越火线,全区排位?首胜?栽楞小QBZ在线上分?,无,9.7,小酥汐i,https://www.douyu.com//10069329
穿越火线,今天双倍亲密~~~~~~~,温柔界天花板,9.7,清新睡不醒,https://www.douyu.com//9244822
穿越火线,季南风:30人乱斗职业3+1,无,9.6,七里季南风,https://www.douyu.com//178599
穿越火线,全区无号，来个号吧秒上，荣耀/荣耀之巅,无,9.5,顾\吖,https://www.douyu.com//6995382
穿越火线,带妹双排掉豆,无,9.2,白鲨惠子,https://www.douyu.com//5410999
穿越火线,努力上班第34天,国服前三女突破,9.1,叶萍小仙女,https://www.douyu.com//2263
穿越火线,你的月亮永悬不落,无,9.1,白鲨小月亮丶,https://www.douyu.com//8768
穿越火线,新人报道 求关注*.*,无,9.1,小Q妹i,https://www.douyu.com//10400786
穿越火线,开钻粉，上荣耀之巅,无,8.6,情久神奇大微微,https://www.douyu.com//554
穿越火线,这个直播间怎么开心怎么来,无,8.6,予轻纱,https://www.douyu.com//4557642
穿越火线,斗鱼第一生化女主播,无,8.5,绝绝兔,https://www.douyu.com//6328489
穿越火线,北部枪王之王    上分,2014年穿越火线TGA大冠赛八强,8.4,工具人月月,https://www.douyu.com//9956210
穿越火线,粉丝牌/关注=排位,新疆高延迟枪王之王,8.4,白鲨小画家,https://www.douyu.com//1731884
穿越火线,南部小姐姐在线帮打排位/首胜,无,8.4,俏皮菲姐吖,https://www.douyu.com//9679399
穿越火线,电脑出问题了！,CF排位破点小能手,8.2,情久小西妹,https://www.douyu.com//8489449
穿越火线,帮打全区排位/上分/上豆/小时/荣耀之巅,无,8.2,你的迷人9,https://www.douyu.com//6160997
穿越火线,想遇到那个彩虹般的人,无,8.1,SK丶方紫菲,https://www.douyu.com//9373034
穿越火线,恭喜柒柒首枚紫牌冠名?,CF金牌M4,8.1,小福歆,https://www.douyu.com//9246009
穿越火线,排位上车一起玩呀,无,8.1,小小苏芽,https://www.douyu.com//10726574
穿越火线,北部枪王之王/全区排位,无,8,cf杀三里,https://www.douyu.com//10415441
穿越火线,全区排位/效率上分/秒上,无,7.9,AN94冷羽,https://www.douyu.com//7431545
穿越火线,每天多笑笑  未来可期哦,无,7.7,情久小妖怪,https://www.douyu.com//7322141
穿越火线,免费上分/荣耀7件套/钻粉荣耀,无,7.5,CF晓坤,https://www.douyu.com//4097830
穿越火线,Say hi!,无,7.4,唯妮Winny,https://www.douyu.com//584592
穿越火线,办卡打号秒上号 稳稳上分 来个北部上车,无,7.4,温柔李安乐,https://www.douyu.com//2145285
穿越火线,不要求也不强求，要去要留自便,无,7.3,田野小鹿鹿,https://www.douyu.com//6621082
穿越火线,老阿姨v小姐姐,无,7.3,cf慧慧,https://www.douyu.com//7435496
穿越火线,玩的菜，不值得爱??,无,7,络枳,https://www.douyu.com//10484285
穿越火线,今天双倍亲密度！kisskiss~,无,7,白鲨小叮当,https://www.douyu.com//5169880
穿越火线,放空放空~~等个房大大,无,6.9,洛米ㄟ诡^,https://www.douyu.com//10193949
穿越火线,NAME?,荒岛最浪女汉子肉肉,6.9,CFM肉肉,https://www.douyu.com//6185020
穿越火线,如果我开挖机你还爱我吗。,无,6.8,二大王重点不是二,https://www.douyu.com//10058040
穿越火线,北部两百豆的单排日记,无,6.8,白鲨CoCo呀,https://www.douyu.com//9625051
穿越火线,最强AWM234杀13年狙神120万杀敌,无,6.7,湖南个竞狙神宝锅,https://www.douyu.com//5753791
穿越火线,东南西北部，新疆姐姐一起玩,无,6.5,s憨憨虎,https://www.douyu.com//7886397
穿越火线,没人宠，一只啥也会打的小懒蛋,无,6.5,小小偷懒,https://www.douyu.com//6011550
穿越火线,今晚首秀精彩多多,无,6.2,迷迷的阿风三叔,https://www.douyu.com//9349426
穿越火线,排位/卡牌/小时/秒上号,排位女司机,6.1,情久晴崽,https://www.douyu.com//1339667
穿越火线,这几天是录播 出门办事 记得荧光棒续牌子,无,4.9,摇热k,https://www.douyu.com//5431561
穿越火线,海盗船开船了~,庆余年优秀主播,4.5,拥有晴天,https://www.douyu.com//5282998
穿越火线,库库林・白夜,无,4.5,山花漫时,https://www.douyu.com//5083807
穿越火线,多闻草木少识人 长守自在清净心,无,4.4,情久美素,https://www.douyu.com//5286883
穿越火线,上赛季北部前二十，定级/上分/一起玩速来,无,4.3,情久梵梵,https://www.douyu.com//9025276
穿越火线,睡前故事/温柔御姐风 做你心上人,无,4.1,白鲨小泗,https://www.douyu.com//7921242
穿越火线,【南部】有位置,无,4,情久诗婷mm,https://www.douyu.com//8326436
穿越火线,没号 飞机荣耀之巅,无,3.8,CF石山,https://www.douyu.com//7610330
穿越火线,中指又被螺丝刀扎个坑，我服了,无,3.8,Baby擎1004,https://www.douyu.com//6043590
穿越火线,不努力怎会进步,无,3.8,CF王小北,https://www.douyu.com//10797685
穿越火线,27号休息不直播么么哒,无,3.4,绿芜法力无边,https://www.douyu.com//418804
穿越火线,【秒上号】北部一个钻粉直飞荣耀之巅！,无,3.2,老馋狗,https://www.douyu.com//6566325
穿越火线,免费上号/排位/荣耀（娱乐）,无,3.2,妄念家的臭花花,https://www.douyu.com//8063981
穿越火线,帮打排位来个号秒上～,无,3.1,轩轩yyds,https://www.douyu.com//10049980
穿越火线,・-・我有一头小毛驴~~,无,2.9,萌a萌,https://www.douyu.com//8002300
穿越火线,C・・F・・/挑战系列/来十年解忧,无,2.9,汉宫甄无敌,https://www.douyu.com//7878350
穿越火线,无录像/替打/排位  枪法地下室,无,2.8,暴躁狸,https://www.douyu.com//4163711
穿越火线,荣耀世冠 终身会员 挑战武器 6烈6盘龙,无,2.6,汉宫暖阳,https://www.douyu.com//6394653
穿越火线,免费上号，冲！,无,2.6,顾北仑丶,https://www.douyu.com//7227105
穿越火线,我单身我快乐,无,2.5,米子衿,https://www.douyu.com//10251217
穿越火线,帮打排位/不排队/秒上号,无,2.4,Kz秒狙,https://www.douyu.com//9184632
穿越火线,老年刀战及幽灵玩家！刀排可找我！,无,2.4,帝都幽冥鬼戕,https://www.douyu.com//2237590
穿越火线,云曦: 五月好 免费的荧光棒记得刷一刷呦,无,2.3,YLF云曦,https://www.douyu.com//10795608
穿越火线,今天是打工限定版小秃 晚上见,无,2.3,秃头言不秃,https://www.douyu.com//2773
穿越火线,挑战专家/荣耀世冠/无尽箱/,无,2.3,老简一,https://www.douyu.com//6861192
穿越火线,毁灭青帝/柯尔特卡通/龙儿,无,2.2,主播阿森呀,https://www.douyu.com//7603238
穿越火线,萌新主播小沫沫来做饭啦,无,2.1,沫沫灬傲娇,https://www.douyu.com//10846207
穿越火线,520.我还是比较喜欢521,无,1.8,KZ小熊,https://www.douyu.com//8704088
穿越火线,全能选手啥都不会,无,1.8,豆子Cc丶,https://www.douyu.com//10396689
穿越火线,恭喜皇三爷 升26级牌子 感谢一直支持！,无,1.7,疯狂丶318,https://www.douyu.com//3332955
穿越火线,秒上号/排位/首胜/等个好大哥,无,1.7,哆咪超爱玩i,https://www.douyu.com//10158028
穿越火线,主玩南部排位 跳跳乐 无聊唱歌,无,1.6,俏皮恋次吖,https://www.douyu.com//9845765
穿越火线,免费首胜，求支持，人在上海,无,1.6,Aka月丶,https://www.douyu.com//3330527
穿越火线,【张公子】一诚能抵万恶,无,1.6,人间清醒张公子,https://www.douyu.com//1276747
穿越火线,最天使 感谢暴躁哥,无,1.5,cf高科,https://www.douyu.com//4879531
穿越火线,我喜欢春天的花夏天的风和每天的你,无,1.5,情久嘎嘣豆儿,https://www.douyu.com//8014753
穿越火线,幻神M200/幻神宠儿/迷迭香,无,1.4,骚涵cf活动达人,https://www.douyu.com//9775733
穿越火线,暴躁追击，全程小道,无,1.4,张子安i,https://www.douyu.com//3224286
穿越火线,一个安静的女子,无,1.4,Qf小冷子丶,https://www.douyu.com//5820741
穿越火线,梓毅：首胜/上分到荣耀/上豆/荣耀之巅,无,1.4,CF梓毅,https://www.douyu.com//6986060
穿越火线,南部战区刀战刀锋寨张丰翼,无,1.4,澄海3C缘丶横扫,https://www.douyu.com//2204354
穿越火线,聊聊天吧，,无,1.3,疯婆子兮,https://www.douyu.com//6415422
穿越火线,今日份的排位在西部,无,1.3,星黛露pt2,https://www.douyu.com//10756359
穿越火线,开钻粉/荣耀/挑战大师/排位,无,1.2,谦QS狙击魔术师,https://www.douyu.com//7696318
穿越火线,主播上分有妙招,无,1.2,白鲨吴琪,https://www.douyu.com//54357
穿越火线,生而为厨 我很饱,无,1.2,呆萌的胖白白,https://www.douyu.com//7262035
穿越火线,全区帮打排位/首胜/荣耀/效率/秒上,无,1.2,月亮与海QAQ,https://www.douyu.com//5598976
穿越火线,清朝老兵我是钢爷爷,无,1.1,清朝老兵我是钢爷爷,https://www.douyu.com//10714608
穿越火线,刀战全能主播，枪王之王不是有手就行~,无,1,北部小沐,https://www.douyu.com//9585425
穿越火线,首胜，上分~~~~~~~,无,1,原老6,https://www.douyu.com//5617362
穿越火线,帮打秒上号/小时/一起玩,无,1,白鲨眼镜,https://www.douyu.com//6926051
穿越火线,慢慢成长努力变强~,无,1,CF52秋,https://www.douyu.com//10656272
穿越火线,冲鸭！跟我干架！,无,0.9,乔软妹妹,https://www.douyu.com//5411496
穿越火线,全区排位/只要未来可期今天就值得欢喜,无,0.9,甜心pro,https://www.douyu.com//9700569
穿越火线,全区刀排上分,无,0.9,藏刀gg,https://www.douyu.com//10190422
穿越火线,回不去的不是穿越火线而是我们,无,0.9,腊月贰肆,https://www.douyu.com//10785327
穿越火线,娱乐主播，不交流,无,0.9,Devilmaycary,https://www.douyu.com//3085686
穿越火线,练枪练枪练枪啊~~~,无,0.8,WE小离,https://www.douyu.com//5402177
穿越火线,今天玩玩娱乐,无,0.8,妄喑,https://www.douyu.com//9177338
穿越火线,南部荣耀之巅掉豆主播...,无,0.8,cf烨七驹,https://www.douyu.com//10729069
穿越火线,北部一把大浪狙,无,0.8,Yh雍何,https://www.douyu.com//886026
穿越火线,大师段位  猛猛冲~,无,0.8,白鲨骄躁QvQ,https://www.douyu.com//432728
穿越火线,练枪准备下赛季冲分,无,0.8,御夜灬晓江江,https://www.douyu.com//8771668
穿越火线,被虐到心态爆炸。,无,0.8,情绪小姐zzz,https://www.douyu.com//9432927
穿越火线,过去的过不去,无,0.8,珂珂是男孩纸,https://www.douyu.com//8938082
穿越火线,单身狗的520 10713950,无,0.8,陨陨陨陨石坑宇夜,https://www.douyu.com//10713950
穿越火线,训练训练~ 3970677,无,0.7,白鲨深海,https://www.douyu.com//3970677
穿越火线,回忆总想哭，一个人太孤独,无,0.7,汉宫冬天,https://www.douyu.com//8584158
穿越火线,深夜娱乐~~~,无,0.7,白鲨三井,https://www.douyu.com//6727664
穿越火线,只玩AK爆头小伙,无,0.6,柔柔家的细节,https://www.douyu.com//3984926
穿越火线,娱乐主播又菜又爱玩 10736943,无,0.6,混分魔王院长,https://www.douyu.com//10736943
穿越火线,猛猛的上分~,无,0.6,张无敌是个中奖王,https://www.douyu.com//6290983
穿越火线,无聊的一天 10688931,无,0.6,东方月初Kate,https://www.douyu.com//10688931
穿越火线,每晚19：30不见不散...,无,0.6,汉宫滴百慕呀,https://www.douyu.com//5437817
穿越火线,网一吉林宋小宝,无,0.6,lol吴桐,https://www.douyu.com//10746851
穿越火线,全区9A91排位走起～鱼儿,无,0.6,化羽鱼儿,https://www.douyu.com//10097267
穿越火线,真技术主播.打打豆,无,0.5,lyan冷颜,https://www.douyu.com//7311977
穿越火线,【北部战区】排位 首胜 水友赛,无,0.5,夺命书丶生,https://www.douyu.com//1571400
穿越火线,东部枪王之王局。,无,0.5,CF辞大大,https://www.douyu.com//10808619
穿越火线,朝歌遗迹没拿第一直接进厂打螺丝,无,0.5,手握运动,https://www.douyu.com//10606608
穿越火线,酒窝：北部排位浅瞬一下,无,0.5,两个大酒窝QAQ,https://www.douyu.com//654778
穿越火线,斯人若彩虹，遇上方知有。,无,0.5,华北李二梦,https://www.douyu.com//7296404
穿越火线,孤影的直播间10038136,无,0.4,苦无712,https://www.douyu.com//10038136
穿越火线,看我十连抽,无,0.4,大旭04099,https://www.douyu.com//8410960
穿越火线,生化酒店，第三真神，0加成跑酷！,无,0.4,新凰King,https://www.douyu.com//10207463
穿越火线,你跟月亮一样迷人,无,0.4,萱萱小牧cat,https://www.douyu.com//4918481
穿越火线,免费/任务/挑战/活动,无,0.4,JinDaShu,https://www.douyu.com//9803122
穿越火线,人送外号黑屋小王子,无,0.4,卑微小滕,https://www.douyu.com//7192051
穿越火线,打个卡，签个到，就下了,无,0.4,Hy缘哥,https://www.douyu.com//1743542
穿越火线,保持热爱 奔赴山海  2961070,无,0.4,cf雨落晴天,https://www.douyu.com//2961070
穿越火线,东部排位开始摆烂！！！,无,0.4,白鲨小古屋,https://www.douyu.com//6702766
穿越火线,新赛季搞起来/排位/秒上/上分/上豆，,无,0.4,皑无双,https://www.douyu.com//9198023
穿越火线,日常巅峰竞技,无,0.3,MIP丶狐狸,https://www.douyu.com//4098901
穿越火线,全区排位/首胜/效率,无,0.3,动感yh,https://www.douyu.com//9849411
穿越火线,新人主播：北部5540队内,无,0.3,KZ晴妹妹,https://www.douyu.com//7984277
穿越火线,!钻粉免费各大区/秒上号,无,0.3,CF大怪兽,https://www.douyu.com//10518791
穿越火线,刚睡醒  -。-,无,0.3,野猪佩奇boom,https://www.douyu.com//4739861
穿越火线,我赌你排位天天马枪,无,0.3,花花念萌绯,https://www.douyu.com//10718089
穿越火线,百度搜索特种部队创天,无,0.3,恋上猫的鱼i,https://www.douyu.com//9517516
穿越火线,直播两月0人看795691,无,0.3,CF南小城,https://www.douyu.com//795691
穿越火线,香菜（高处不胜寒）,无,0.3,小七先生哟,https://www.douyu.com//9487736
穿越火线,南部 娱乐,无,0.3,并肩ZL,https://www.douyu.com//9824903
穿越火线,排位五杀灭队的直播间,无,0.3,E十丶灭队小昊,https://www.douyu.com//10207516
穿越火线,上点分！！！ 9698434,无,0.3,E十丶阿峰学长,https://www.douyu.com//9698434
穿越火线,夜色难免黑凉，前行必有曙光,无,0.3,弹道1st,https://www.douyu.com//5460452
穿越火线,枯燥练枪中~,无,0.3,YUYUup,https://www.douyu.com//9490642
穿越火线,排位上分来来来 5402091,无,0.3,WEsunny,https://www.douyu.com//5402091
穿越火线,全区免费首胜！,无,0.3,CferP,https://www.douyu.com//10665094
穿越火线,萌新来啦！ 9587319,无,0.3,你嘞大爷,https://www.douyu.com//9587319
穿越火线,38岁阿姨，下饭主题专场,无,0.3,情久卷卷,https://www.douyu.com//9305472
穿越火线,得即高歌失即休，多愁多恨亦悠悠。,无,0.3,老九苦,https://www.douyu.com//5832452
穿越火线,排位打宝宝,无,0.2,Tonydie水,https://www.douyu.com//8510926
穿越火线,兴周伐纣 订阅来一波！ 23808,无,0.2,电竞阆苑,https://www.douyu.com//23808
穿越火线,孝感尬舞天团团长,无,0.2,若枫啊,https://www.douyu.com//5590965
穿越火线,帅子呀呀呀的直播间,无,0.2,帅子呀呀呀,https://www.douyu.com//10812050
穿越火线,一起去搞事情,无,0.2,大白鸭儿,https://www.douyu.com//10375901
穿越火线,山东杯四强争霸赛,威海职业学院电竞社,0.2,威海职业学院电竞社,https://www.douyu.com//10630538
穿越火线,西部荣耀单排下豆~,无,0.2,喝一杯coffee,https://www.douyu.com//10735516
穿越火线,全区，刀排，枪排，团队，枪王之王！,无,0.2,美男囝,https://www.douyu.com//7663429
穿越火线,CF东部前百小马第一探花,无,0.2,做梦也要笑,https://www.douyu.com//8092578
穿越火线,k看到了吗？你还在挣扎什么？,无,0.2,PassengerMark,https://www.douyu.com//9658100
穿越火线,每天努力练枪 9757843,无,0.2,一路向北99999,https://www.douyu.com//9757843
穿越火线,佳佳佳佳佳佳佳佳佳佳佳,无,0.2,情久星辰,https://www.douyu.com//8505834
穿越火线,被掏兜的每一天,无,0.2,东部万里青山,https://www.douyu.com//10350893
穿越火线,大梦想家！,无,0.2,狗亮骑驴,https://www.douyu.com//10089050
穿越火线,我的人生就这样了你们呢,无,0.2,不大的果子,https://www.douyu.com//8622859
穿越火线,光速大逃脱穿越火线特辑,无,0.2,穿越火线赛事,https://www.douyu.com//5388537
穿越火线,新主播   求关注.直播间,无,0.2,山东小盐妹,https://www.douyu.com//10844994
穿越火线,北部传奇枪王有车位,无,0.2,汉宫阿柚,https://www.douyu.com//5428165
穿越火线,大神教你送人头！,无,0.2,文武帝,https://www.douyu.com//10803232
穿越火线,脚底抹油  跑的快,无,0.2,抹油狙,https://www.douyu.com//8783542
穿越火线,北部荣耀排位 10624090,无,0.2,CF挽留,https://www.douyu.com//10624090
穿越火线,神明的直播间 10792638,无,0.2,白衣是我儿,https://www.douyu.com//10792638
穿越火线,你的梦想，我的生活,无,0.2,别抓月光酱,https://www.douyu.com//10538810
穿越火线,帮打首胜，定级和各大区刀排,无,0.2,潮南1999,https://www.douyu.com//10762773
穿越火线,绿茶白鸥跟一群tg们的爱情故事？,无,0.2,热度龙虾,https://www.douyu.com//9657606
穿越火线,8090傲骨崛起在线收人,无,0.2,99999丶龙啸天,https://www.douyu.com//7111710
穿越火线,山东杯16强山东中医药VS山东财经,山东中医药大学电竞社,0.2,山东中医药大学电竞社,https://www.douyu.com//10808307
穿越火线,帮打上分 嘎嘎猛,无,0.2,JY丶茹茹,https://www.douyu.com//10833211
穿越火线,海的那边是什么,无,0.2,渝万丶闫柚,https://www.douyu.com//4041545
穿越火线,网抑云损种已上线,无,0.2,叫我含哥就行,https://www.douyu.com//5370665
穿越火线,卷毛:新主播点关注免费上号打排位,无,0.2,温柔的卷毛,https://www.douyu.com//5912038
穿越火线,斗鱼迷味北部上分ing,无,0.1,CF迷味,https://www.douyu.com//10845868
穿越火线,传说武器全家桶，暴揍小红和小蓝~,无,0.1,神之刃y,https://www.douyu.com//9360048
穿越火线,晚上好呀  10758360,无,0.1,请你吃可爱多丶,https://www.douyu.com//10758360
穿越火线,重庆小啊黑,无,0.1,小补点967,https://www.douyu.com//10707616
穿越火线,宇凡，新人来个关注吧,无,0.1,宇凡YuFn,https://www.douyu.com//6947064
穿越火线,排位排位！ 8128637,无,0.1,皮皮兔驾,https://www.douyu.com//8128637
穿越火线,新号两天上枪王,无,0.1,是559呀,https://www.douyu.com//68559
穿越火线,醉词521的直播间,无,0.1,醉词521,https://www.douyu.com//10816090
穿越火线,荣耀世冠赔emo了,无,0.1,苏皓98,https://www.douyu.com//4167811
穿越火线,冲波分。。 730754,无,0.1,糗事i,https://www.douyu.com//730754
穿越火线,cf最后的倔强 ！,无,0.1,1ove7ovo,https://www.douyu.com//9197630
穿越火线,蓦然回首687149,无,0.1,蓦然回首687149,https://www.douyu.com//9197176
穿越火线,新主播第一次直播哟~,无,0.1,白鲨凤九,https://www.douyu.com//10859121
穿越火线,东营磊宝穿越火线北部荣耀枪王质量局,无,0.1,你的磊磊107,https://www.douyu.com//10845571
穿越火线,这是位佛系主播呀~,无,0.1,唯有宝剑解千愁,https://www.douyu.com//8637768
穿越火线,打游戏咯咯咯咯,无,0.1,Daladay,https://www.douyu.com//7945192
穿越火线,搞起来兄弟们...,无,0.1,掉像的多巴胺,https://www.douyu.com//9239574
穿越火线,枪王排位7844249,无,0.1,A醉生阿,https://www.douyu.com//7844249
穿越火线,成都第一深情 9100302,无,0.1,言氏子,https://www.douyu.com//9100302
穿越火线,ZYzhun的直播间,无,0.1,ZYzhun,https://www.douyu.com//10191908
穿越火线,”山东杯“决赛！,山东财经大学电竞社,0.1,山东财经大学电竞社,https://www.douyu.com//10630525
穿越火线,山东杯小组赛  十组淘汰赛,潍坊科技学院电竞社,0.1,别离已成必然,https://www.douyu.com//10808341
穿越火线,关注首胜~ 粉丝牌一小时 包小段,无,0.1,丶天下青山一样,https://www.douyu.com//10856975
穿越火线,新手驾到~~~,无,0.1,许纯美丶,https://www.douyu.com//5293335
穿越火线,娱乐娱乐乐 10782681,无,0.1,朱皮饿霸,https://www.douyu.com//10782681
穿越火线,跑跑对决大佬,无,0.1,她的妆很漂亮,https://www.douyu.com//10620863
穿越火线,987的直播间 8775198,无,0.1,不要留有遗憾316,https://www.douyu.com//8775198
穿越火线,斗鱼@永恩 51764,无,0.1,永恩51764,https://www.douyu.com//10815700
穿越火线,北部后十局子，猛猛干。,无,0.1,听说了白啊,https://www.douyu.com//10830011
穿越火线,再做一次自己,无,0.1,辰曦Xilinx,https://www.douyu.com//10770471
穿越火线,吴壮壮有点忙,无,0.1,吴壮壮很忙,https://www.douyu.com//10819851
穿越火线,每晚九点左右有车位,无,0.1,CFQinyu,https://www.douyu.com//8486353
穿越火线,素年的直播间 1364725,无,0.1,素年Oo,https://www.douyu.com//1364725
穿越火线,享受一个人的独处，爱自己！,无,0.1,兔八蛋,https://www.douyu.com//9450011
穿越火线,夜黑风高-悠着点,无,0.1,永合月永哥,https://www.douyu.com//10827700
穿越火线,北部枪王排位 1646034,无,0.1,牧慕牧慕,https://www.douyu.com//1646034
穿越火线,轻羽成仙的直播间,无,0.1,轻羽成仙,https://www.douyu.com//6047424
穿越火线,带大家看掉宗师,无,0.1,初光电子竞技协会,https://www.douyu.com//10639148
穿越火线,怀旧主播开播了！！！带你们回忆过去！,无,0.1,不可羁,https://www.douyu.com//10852844
穿越火线,CSGOBZR：优先随便玩玩,无,0.1,CSGOBZR,https://www.douyu.com//8841810
穿越火线,怪蜀黍回归了,无,0.1,怪蜀黍minoss,https://www.douyu.com//1804706
穿越火线,夸夸给他们开皮,无,0.1,痛苦的相思忘不了y,https://www.douyu.com//10687458
穿越火线,免费上号/排位、荣耀之巅,无,0.1,cf狗阳,https://www.douyu.com//10863620
穿越火线,生化金字塔狂魔 9810222,无,0.1,小甜心ii,https://www.douyu.com//9810222
穿越火线,重庆小猛男,无,0.1,你是否还记得我375,https://www.douyu.com//10704306
穿越火线,排位当老六的快乐,无,0.1,CF鹿哥,https://www.douyu.com//10860121
穿越火线,北部排位第一下饭,无,0.1,就是个弱鸡nn,https://www.douyu.com//10082425
穿越火线,点点关注，上豆了,无,0.1,请叫我奶酪哥,https://www.douyu.com//2652299
穿越火线,身法秀僵尸,无,0.1,二毛玩的菜,https://www.douyu.com//10064845
穿越火线,二十二in的直播间,无,0.1,二十二in,https://www.douyu.com//10800272
穿越火线,排位狂人黄天赐,无,0.1,湘潭胖子,https://www.douyu.com//9449775
穿越火线,菜就一个字，我菜很多次,无,0.1,宝哥别送我不要,https://www.douyu.com//9621085
穿越火线,200+豆豆帮排位，晚上BO3,无,0.1,情久张子澈,https://www.douyu.com//8589873
穿越火线,山东交通职业学院电竞社的直播间,山东交通职业学院电竞社,0.1,浅唱姐的忧伤,https://www.douyu.com//10808328
穿越火线,又菜又爱玩 7284467,无,0.1,风情413,https://www.douyu.com//7284467
穿越火线,合理游戏享受掉分生活,无,0.1,夜夕哟,https://www.douyu.com//8689541
穿越火线,夜幕山庄天花板,无,0.1,寒刃Y,https://www.douyu.com//10046622
穿越火线,小葵花课堂开饭啦~,无,0.1,豆苗y,https://www.douyu.com//10239142
穿越火线,别看老六本六，每天十八点不见不散,无,0.1,处处留名,https://www.douyu.com//10802267
穿越火线,浪漫至死不渝，,无,0.1,来自小宇的关怀,https://www.douyu.com//6806997
穿越火线,听说有一个不错的故事开始了,无,0.1,不靠谱的Andy,https://www.douyu.com//1633472
穿越火线,刚奖励玩练枪,无,0.1,再见艾维奇,https://www.douyu.com//10799176
穿越火线,一条老年鱼,无,0.1,一条老年鱼,https://www.douyu.com//10842585
穿越火线,差点睡着了,无,0.1,神代利世907,https://www.douyu.com//10867273
穿越火线,平安喜乐，万事胜意 7199397,无,0.1,但是很好看i,https://www.douyu.com//7199397
穿越火线,下饭主播ovo,无,0.1,蓝眼睛ovo,https://www.douyu.com//5472138
穿越火线,穿越火线西部荣耀排位,无,0.1,约战小四川er,https://www.douyu.com//9811525
穿越火线,没人欣赏的主播,无,0.1,CF总裁爱玩狙,https://www.douyu.com//4594717
穿越火线,刷礼物点关注秒上分,无,0.1,TXGame77468771,https://www.douyu.com//10751955
穿越火线,Me 战的直播间,无,0.1,Me战,https://www.douyu.com//8849400
穿越火线,时隔一年 回归开播,无,0.1,BBq的鸡翅,https://www.douyu.com//7864711
穿越火线,好好练枪ing,无,0.1,白鲨小恒,https://www.douyu.com//3530277
穿越火线,AGONY带你穿越火线儿,无,0.1,AGONY136942,https://www.douyu.com//10864745
穿越火线,娱乐　　不喜勿喷,无,0.1,Dream二弟,https://www.douyu.com//10858132
穿越火线,奔跑吧633841的直播间,无,0.1,十二只鸭子,https://www.douyu.com//10865910
穿越火线,青灯丿古畔的直播间,无,0.1,青灯丿古畔,https://www.douyu.com//10872790
穿越火线,又是上分的一天 10717318,无,0.1,精彩肖勇,https://www.douyu.com//10717318
穿越火线,冲冲冲0420560,烟台黄金职业学院电竞社,0.1,烟台黄金职业学院电竞,https://www.douyu.com//10420560
穿越火线,cf校内内战，周日,贵州师范大学电竞社,0.1,贵州师范大学电竞社,https://www.douyu.com//10318616
穿越火线,beyourselfLYC的直播间,无,0.1,beyourselfLYC,https://www.douyu.com//10824733
穿越火线,有菜还爱玩,无,0.1,醉知酒浓丶醒知梦空515,https://www.douyu.com//10860440
穿越火线,谩欢的直播间,无,0.1,谩欢,https://www.douyu.com//10878013
穿越火线,CF各类模式1080 60帧视频,无,0.1,CF小唔桐,https://www.douyu.com//5871857
穿越火线,cx     的直播间,无,0.1,大晨夕,https://www.douyu.com//10647132
穿越火线,DJ刀战溜狗嘎嘎爽,无,0.1,矿泉水一乒,https://www.douyu.com//10817979
穿越火线,准备好米饭，马枪怪兽开饭了！,无,0.1,一米四五R,https://www.douyu.com//2081478
穿越火线,首胜/定级/爆裂者/猫爪/秒上号,无,0.1,cf心殇,https://www.douyu.com//8384365
穿越火线,枯木逢春  我逢你,无,0.1,她的十点差三分i,https://www.douyu.com//3775319
穿越火线,随便玩会吧！！！,无,0.1,筱嵩夏,https://www.douyu.com//8769014
穿越火线,大雾四起就是猛猛干！,无,0.1,是大雾四起,https://www.douyu.com//9412553
穿越火线,嘎嘎莽嘎嘎送,无,0.1,乐乐abc1,https://www.douyu.com//10863155
穿越火线,一辈说爱的直播间,无,0.1,一辈说爱,https://www.douyu.com//10854601
穿越火线,1月新版本精彩回看,无,0.1,CF节目组,https://www.douyu.com//9141567
穿越火线,让你看看什么叫真正的把把躺,无,0.1,18363836169,https://www.douyu.com//10877106
穿越火线,[新人主播]下午没课，练练枪,无,0.1,是你的乔治ii,https://www.douyu.com//10839912
穿越火线,CF神经鲨的直播间,无,0.1,CF神经鲨,https://www.douyu.com//10862231
穿越火线,用户793800534的直播间,无,0.1,清风徐来涛,https://www.douyu.com//10870712
穿越火线,关注免费帮上段,无,0.1,是阿权丫,https://www.douyu.com//10871496
穿越火线,子春有九对内55,无,0,林佳年,https://www.douyu.com//10016414
穿越火线,新主播，南部宗师上分，走起！,无,0,青春Bhui,https://www.douyu.com//10829973
穿越火线,飞机 想上啥上啥,无,0,乔嘉南,https://www.douyu.com//6446208
穿越火线,用户73560336的直播间,无,0,用户73560336,https://www.douyu.com//10880847
穿越火线,真美好，又是掉星的一天啊,无,0,A苍白A,https://www.douyu.com//8404565
穿越火线,定级，上分/秒上号，空闲中！,无,0,白鲨必杀,https://www.douyu.com//7407716
穿越火线,啊嗯哦好吧的直播间,无,0,啊嗯哦好吧,https://www.douyu.com//2381196
穿越火线,每天500个保持手感,无,0,Xccc04,https://www.douyu.com//7212606
穿越火线,就是瞎玩的直播间 10799551,无,0,木剑人,https://www.douyu.com//10799551
穿越火线,回归了，我来了,无,0,活宝家的最乖,https://www.douyu.com//7331200
穿越火线,CF新主播求关注,无,0,cf陈康,https://www.douyu.com//9326400
穿越火线,第一天玩cf！有一起的嘛~,无,0,白鲨菀妹,https://www.douyu.com//7059854
穿越火线,传奇上荣耀之路,无,0,野狗电影之路,https://www.douyu.com//9061945
穿越火线,随便玩玩~~~~ 9185895,无,0,随便玩一玩572,https://www.douyu.com//9185895
穿越火线,憨憨不白给呀！,无,0,这里是大憨憨,https://www.douyu.com//9810453
穿越火线,南部战服！！,无,0,CF俗人syt,https://www.douyu.com//8890026
穿越火线,随风柚子在线互怼，CF柚子带你上分,无,0,随风视频柚子,https://www.douyu.com//9479960
穿越火线,每天一虐快乐游戏,无,0,灰太狼也撩妹,https://www.douyu.com//7314131
穿越火线,用户04667945的直播间,无,0,用户04667945,https://www.douyu.com//10817468
穿越火线,排位百豆狙击排位,无,0,南部拜托,https://www.douyu.com//10870067
穿越火线,穿越火线排位娱乐局,无,0,用户99337040,https://www.douyu.com//10872756
穿越火线,北部巴西跳扫,无,0,Addicted66908,https://www.douyu.com//10873071
穿越火线,幽灵模式糯米团团大人,无,0,糯米团团大人,https://www.douyu.com//10876190
穿越火线,Re希尔的直播间  速点,无,0,Re希尔,https://www.douyu.com//10876439
穿越火线,没号了/全区排位秒上,无,0,阿楠Ak,https://www.douyu.com//7861040
穿越火线,新人up视频轮播，一些脑洞的单机枪械变化,无,0,橘长呀,https://www.douyu.com//8697905
穿越火线,日常上分求关注,无,0,1293062428,https://www.douyu.com//2100003
穿越火线,北部-排位猛猛干,无,0,Abh流年,https://www.douyu.com//7848310
穿越火线,玩一会、、、,无,0,BBBBBBU6Gg,https://www.douyu.com//9622135
穿越火线,练练吧，适应gpw,无,0,了了不会飞c,https://www.douyu.com//6001112
穿越火线,零冲单排上枪王,无,0,丶忘初心,https://www.douyu.com//7400475
穿越火线,全区枪王排位 10572365,无,0,嘟嘟爱奶茶,https://www.douyu.com//10572365
穿越火线,ccf生化划水,无,0,蓝色天空哈哈,https://www.douyu.com//9873234
穿越火线,每天热爱生活,无,0,1003363590,https://www.douyu.com//747461
穿越火线,【CF半质局】心累到不想报点,无,0,北部南洋十三郎,https://www.douyu.com//7743995
穿越火线,See you at the top,无,0,丶oKk,https://www.douyu.com//8334143
穿越火线,荣耀221颗持续掉豆豆,无,0,林幼颜,https://www.douyu.com//8806101
穿越火线,求关注   每天都会更新视频,无,0,Fu2k丶离殇,https://www.douyu.com//6029206
穿越火线,今天又是帅气的小太爷,无,0,大神法力无边,https://www.douyu.com//10352920
穿越火线,荣耀之扑克牌,无,0,少恭09,https://www.douyu.com//4666858
穿越火线,帮水友上上分！！！,无,0,派大星的热爱,https://www.douyu.com//10499122
穿越火线,蓝桉遇见释怀鸟,无,0,情久潇然,https://www.douyu.com//7412670
穿越火线,7L狙击 排位搞起,无,0,7L521,https://www.douyu.com//10532163
穿越火线,橙子:猛男直播间,无,0,我不是橙橙甜,https://www.douyu.com//7455070
穿越火线,练会枪 打会娱乐,无,0,乔一爱打游戏,https://www.douyu.com//3749807
穿越火线,暴躁的董叔叔6673991,无,0,董家叔叔,https://www.douyu.com//6673991
穿越火线,恰僵尸粉阶段,无,0,Oscarperformer,https://www.douyu.com//9254154
穿越火线,倾尘的小黑屋,无,0,mm倾尘,https://www.douyu.com//10624546
穿越火线,XX徐在等一个机会,无,0,左手徐ii,https://www.douyu.com//7267219
穿越火线,北部枪王排位有车位、,无,0,真心无限期i,https://www.douyu.com//9494791
穿越火线,听说键盘越斜越厉害,无,0,旧梦Dylan,https://www.douyu.com//8012235
穿越火线,难兄难弟双排百星,无,0,CF北部男颜,https://www.douyu.com//9774741
穿越火线,过来打打首胜,无,0,渝万一老年醉,https://www.douyu.com//2184894
穿越火线,东部质量局 2448445,无,0,白鲨永恒,https://www.douyu.com//2448445
穿越火线,新人主播，枪王中的王牌，尔等岂能不服？,无,0,污妖王丶100K,https://www.douyu.com//2411861
穿越火线,追击玩起来,无,0,伶人半世才疏学浅,https://www.douyu.com//7523738
穿越火线,下午练一下枪,无,0,浪客白白,https://www.douyu.com//6430025
穿越火线,希望有一个人能看破小娜的脆弱,无,0,情久小妮娜,https://www.douyu.com//8656330
穿越火线,摇摆神来搞我啊不看弹幕,无,0,GF晚安,https://www.douyu.com//2232531
穿越火线,司马最牛的直播间,无,0,司马最牛,https://www.douyu.com//10494849
穿越火线,全区免费首胜，来一起玩新荣耀之巅段，冲冲,无,0,残魂k,https://www.douyu.com//7098489
穿越火线,我会接受生活中的所有好与不好-,无,0,北部焦佳,https://www.douyu.com//664567
穿越火线,法拉溺的直播间,无,0,桔梗ouo97,https://www.douyu.com//8067682
穿越火线,有趣的盒子 10567330,无,0,撩1549992,https://www.douyu.com//10567330
穿越火线,北部小火车出发了,无,0,阿Weii,https://www.douyu.com//19129
穿越火线,小小菜玩家,无,0,明眸信笔,https://www.douyu.com//3577867
穿越火线,刀排。随缘直播。,无,0,晚报numberone,https://www.douyu.com//10267228
穿越火线,ROG全新出发,无,0,FairyTaleTownPLUS,https://www.douyu.com//6373079
穿越火线,跟儿子二区双排玩会~,无,0,sqb41,https://www.douyu.com//10599615
穿越火线,我就不会玩 10510913,无,0,此情可待成追忆575,https://www.douyu.com//10510913
穿越火线,随便玩玩，， 8560530,无,0,HaoB0201,https://www.douyu.com//8560530
穿越火线,随便玩玩！~ 5430392,无,0,Night的寂寞,https://www.douyu.com//5430392
穿越火线,【北部】新赛季荣耀之巅走起,无,0,谦和无缺gg,https://www.douyu.com//605767
穿越火线,后3选手来辣！,无,0,达达玩泥巴,https://www.douyu.com//1943080
穿越火线,一天一个封号小技巧，天天学习封号小妙招,无,0,晚安406040,https://www.douyu.com//9108184
穿越火线,战斗机  大成,无,0,战斗机大成,https://www.douyu.com//5944436
穿越火线,芳芳冲鸭鸭,无,0,落了单的王者,https://www.douyu.com//7888356
穿越火线,骑上我心爱的小摩托 5759096,无,0,翼彷桐刑,https://www.douyu.com//5759096
穿越火线,相声云顶曲苑杂坛！,无,0,山西老陈醋Ngk,https://www.douyu.com//8171495
穿越火线,{新主播}带你体验不一样的CF,无,0,无聊吃鸡的佬,https://www.douyu.com//9289006
穿越火线,十年火线的直播间,无,0,庐州橙粑粑,https://www.douyu.com//9757646
穿越火线,排位白给大王~,无,0,涛大大啊哈哈,https://www.douyu.com//5960783
穿越火线,CF游戏大杂烩,无,0,墨竹磕游戏,https://www.douyu.com//10394753
穿越火线,瞎玩一会儿 .,无,0,今晚打老虎3664,https://www.douyu.com//9522582
穿越火线,今天是个好日子，啦啦啦啦,无,0,er哟,https://www.douyu.com//5228202
穿越火线,无可匹敌的饭量 10299845,无,0,夏饭啊,https://www.douyu.com//10299845
穿越火线,菜鸟的枪王之路，啊哈,无,0,CF老酒,https://www.douyu.com//9345578
穿越火线,免费打排位，需要的来,无,0,绝望地老韩,https://www.douyu.com//9236167
穿越火线,CF生化走起！,无,0,空了155,https://www.douyu.com//9935542
穿越火线,陆筠丶的直播间,无,0,陆筠丶,https://www.douyu.com//10880176
穿越火线,排位小冲一会~,无,0,过时不候z,https://www.douyu.com//10140579
穿越火线,一个老年组合的排位生涯,无,0,Acmnk,https://www.douyu.com//3741419
穿越火线,汉宫小牧的直播间,无,0,汉宫小牧,https://www.douyu.com//6762328
穿越火线,和佣人阿乐的快乐,无,0,别问别想别回忆,https://www.douyu.com//667145
穿越火线,五子032的直播间,无,0,五子032,https://www.douyu.com//10877027
穿越火线,南部质量枪王排位,无,0,枪王李舒桐,https://www.douyu.com//10879442
穿越火线,不要因为没有掌声就放弃,无,0,阿乐LeK,https://www.douyu.com//10880265
穿越火线,纵酒言情的直播间,无,0,纵酒言情,https://www.douyu.com//10880579
穿越火线,孑然东部荣耀枪王排位,无,0,孑然与你,https://www.douyu.com//6277474
穿越火线,一枪一个小朋友 6837655,无,0,小归尘,https://www.douyu.com//6837655
穿越火线,轮播中勿扰,无,0,阿吾想吃鱼,https://www.douyu.com//9670330
穿越火线,Y9883457的直播间,无,0,欣仔爱喝羊汤,https://www.douyu.com//10880959
穿越火线,薄荷味儿苏妃：嘴强王者每天8-9点开播！,无,0,薄荷味儿苏妃,https://www.douyu.com//7271158
穿越火线,薄情子裕的直播间,无,0,薄情子裕,https://www.douyu.com//8956146
穿越火线,新主播喜欢的点点关注哦~,无,0,Monk丶帝王僧,https://www.douyu.com//4359848
穿越火线,定级定级！,无,0,执着Per,https://www.douyu.com//6955946
穿越火线,欢迎上车。每晚7点,无,0,CFZhenxi,https://www.douyu.com//9257067
穿越火线,用户780294的直播间,无,0,飞上的浪,https://www.douyu.com//10880801
穿越火线,随便播播，进来玩玩,无,0,绝顶聪明的柯文,https://www.douyu.com//7482042
穿越火线,一个月没玩，还是这么菜,无,0,CF东部似清,https://www.douyu.com//9330822
穿越火线,韩服钻石混混日子,无,0,善良的白狐狸,https://www.douyu.com//9525862
穿越火线,用户49161389的直播间,无,0,用户49161389,https://www.douyu.com//10880999
穿越火线,顾若风的直播间,无,0,顾若风,https://www.douyu.com//10879280
穿越火线,60ping南部CFS,无,0,VEIIIIIIII,https://www.douyu.com//1159368
穿越火线,Toooooy的直播间,无,0,用户730787132,https://www.douyu.com//10878469
穿越火线,估号脱坑入坑,无,0,骚神丶阿拉蕾,https://www.douyu.com//4389982
穿越火线,彩笔-又菜又爱玩,无,0,E十丶咚东,https://www.douyu.com//9143168
穿越火线,Xd丶杨妍的直播间,无,0,Xd丶杨妍,https://www.douyu.com//10880702
穿越火线,送礼钻粉拿斗鱼皮肤~~,无,54.3,渝万丶狗哥,https://www.douyu.com//6310
穿越火线,帮打排位/秒上号/卡房管带飞,斗神杯CF邀请赛冠军,8.5,情久若黎,https://www.douyu.com//7393236
穿越火线,NAME?,无,0.7,melody小锦,https://www.douyu.com//5375983
穿越火线,祝小宝贝们所有愿望，如愿实现吖~~~,无,0.6,i蓝桉丶,https://www.douyu.com//7566843
穿越火线,想玩的一起来 6079089,无,0.3,丿坏大大丿857,https://www.douyu.com//6079089
穿越火线,荣耀娱乐局-,无,0.1,cf箐茶,https://www.douyu.com//10406301
穿越火线,贩卖机：西部排位,无,0.1,心动贩卖机丶,https://www.douyu.com//6554947
穿越火线,全区排位/荣耀之巅,无,0.1,在下一个冬,https://www.douyu.com//10855646
穿越火线,他开了吖！把把15+,无,0.1,小透心凉凉,https://www.douyu.com//10858471
穿越火线,染火的余灰,无,0,染火的余灰,https://www.douyu.com//6911414
穿越火线,r石家庄吴彦祖的直播间,无,0,r石家庄吴彦祖,https://www.douyu.com//8909858
穿越火线,可达鸭EDGyyds,无,0,豆瓣酱可达鸭,https://www.douyu.com//3791908
穿越火线,枪王排位：荣耀枪王,无,0,洛依神,https://www.douyu.com//8699217
穿越火线,飘逸叔叔的直播间,无,0,飘逸大叔矣,https://www.douyu.com//6612909
穿越火线,歪脖打不准,无,0,Lynx教练,https://www.douyu.com//7517395
